{"Length": {"base_unit": "metre", "Meter": 1.0, "Cable length": 185.2, "Foot": 0.3048, "Inch": 0.0254, "Mile": 1609.344, "Nautical mile": 1852.0, "Yard": 0.9144, "Kilometre": 1000.0}, "Area": {"base_unit": "square metre", "Square metre": 1.0, "Acre": 4046.8564224, "Are": 100.0, "Hectare": 10000.0, "Square chain": 404.68564224, "Square foot": 0.09290304, "Square inch": 0.00064516, "Square kilometre": 1000000.0, "Square mile": 2589988.110336, "Square yard": 0.83612736}, "Volume": {"base_unit": "cubic metre", "Cubic metre": 1.0, "Cubic foot": 0.028316846592, "Cubic mile": 4168181825.4405794, "Cubic yard": 0.764554857984, "Cup": 0.00025, "Litre": 0.001}, "Mass": {"base_unit": "kilogram", "Kilogram": 1.0, "Carat": 0.0002, "Grain": 6.479891e-05, "Mark": 0.2488278144, "Pound": 0.45359237, "Quintal": 100.0, "Stone": 6.35029318, "Tonne": 1000.0, "Ton, long": 1016.0469088, "Ton, short": 907.18474}}